{"0":{"count":16656.0,"mean":0.2868425793,"std":0.3082350617,"min":-1.0,"25%":0.0,"50%":0.3,"75%":0.5,"max":1.0}}