{"0":{"count":33639.0,"mean":0.2818329915,"std":0.3041686988,"min":-1.0,"25%":0.0,"50%":0.3,"75%":0.5,"max":1.0}}