{"0":{"count":904.0,"mean":0.1776548673,"std":0.2497303714,"min":-0.6,"25%":0.0,"50%":0.15,"75%":0.3,"max":1.0}}