{"0":{"count":16983.0,"mean":0.276919861,"std":0.3000549726,"min":-1.0,"25%":0.0,"50%":0.28,"75%":0.5,"max":1.0}}